<?xml version="1.0" encoding="UTF-8"?>
<project-private xmlns="http://www.netbeans.org/ns/project-private/1">
    <editor-bookmarks xmlns="http://www.netbeans.org/ns/editor-bookmarks/2" lastBookmarkId="0"/>
    <open-files xmlns="http://www.netbeans.org/ns/projectui-open-files/2">
        <group>
            <file>file:/C:/Users/Lenovo/Documents/NetBeansProjects/Primavera/src/Graphic/Materiales.java</file>
            <file>file:/C:/Users/Lenovo/Documents/NetBeansProjects/Primavera/src/Graphic/GestionarTiposDeSangre.java</file>
            <file>file:/C:/Users/Lenovo/Documents/NetBeansProjects/Primavera/src/Graphic/ClasificaciónDePatrocinadores.java</file>
            <file>file:/C:/Users/Lenovo/Documents/NetBeansProjects/Primavera/src/Graphic/GestionarDonacionMonetaria.java</file>
            <file>file:/C:/Users/Lenovo/Documents/NetBeansProjects/Primavera/src/Graphic/GestionarEPS.java</file>
            <file>file:/C:/Users/Lenovo/Documents/NetBeansProjects/Primavera/src/Graphic/GestionarPersonal.java</file>
            <file>file:/C:/Users/Lenovo/Documents/NetBeansProjects/Primavera/src/Graphic/ConsultarIngresoPersonal.java</file>
            <file>file:/C:/Users/Lenovo/Documents/NetBeansProjects/Primavera/src/Graphic/GestionarProfesiones.java</file>
            <file>file:/C:/Users/Lenovo/Documents/NetBeansProjects/Primavera/src/Graphic/GestionarTiposDePersonas.java</file>
            <file>file:/C:/Users/Lenovo/Documents/NetBeansProjects/Primavera/src/Graphic/GestionarGastos.java</file>
            <file>file:/C:/Users/Lenovo/Documents/NetBeansProjects/Primavera/src/Graphic/ConsultaPorProfesion.java</file>
            <file>file:/C:/Users/Lenovo/Documents/NetBeansProjects/Primavera/src/Graphic/MenuPrincipal.java</file>
            <file>file:/C:/Users/Lenovo/Documents/NetBeansProjects/Primavera/src/Graphic/GestionarMateriales.java</file>
            <file>file:/C:/Users/Lenovo/Documents/NetBeansProjects/Primavera/src/Graphic/GestionarPatrocinadores.java</file>
            <file>file:/C:/Users/Lenovo/Documents/NetBeansProjects/Primavera/src/Graphic/GestionarDonacionMaterial.java</file>
            <file>file:/C:/Users/Lenovo/Documents/NetBeansProjects/Primavera/src/Graphic/GestionarCarroSolar.java</file>
            <file>file:/C:/Users/Lenovo/Documents/NetBeansProjects/Primavera/src/Graphic/GestionarLaboratorios.java</file>
            <file>file:/C:/Users/Lenovo/Documents/NetBeansProjects/Primavera/src/Graphic/GestionarSubsistemas.java</file>
            <file>file:/C:/Users/Lenovo/Documents/NetBeansProjects/Primavera/src/Graphic/Donaciones.java</file>
            <file>file:/C:/Users/Lenovo/Documents/NetBeansProjects/Primavera/src/Graphic/GestionarDivisas.java</file>
            <file>file:/C:/Users/Lenovo/Documents/NetBeansProjects/Primavera/src/Graphic/Gastos.java</file>
        </group>
    </open-files>
</project-private>
